{
   "STATE_OF_RESIDENCE": {
      "QLD": 0.20178483139436823,
      "NSW": 0.3104060396397991,
      "VIC": 0.25772196486242455,
      "ACT": 0.01745668701210508,
      "NT": 0.0065000765164790735,
      "WA": 0.10458276093268835,
      "TAS": 0.02525564699824727,
      "SA": 0.07629199264388907
   },
   "GENDER": {
      "Male": 0.4942605250556871,
      "Female": 0.505739474944314
   },
   "EMPLOYMENT_STATUS": {
      "Employed": 0.5783959183074388,
      "Undescribed": 0.009556729006744112,
      "Unemployed": 0.027691705569098793,
      "Retired": 0.3843556471167183
   },
   "AGE": {
      "18 - 34": 0.3556246963901299,
      "35 - 64": 0.5165397561791669,
      "65 and over": 0.12783554743070322
   },
   "EDUCATION_LEVEL": {
      "Secondary or less": 0.42794436607314734,
      "Undescribed": 0.17470658460795344,
      "Tertiary": 0.39734904931890236
   },
   "INCOME_BRACKET": {
      "$1 - $51,999": 0.20788130154778214,
      "$52,000 - $103,999": 0.2623696834805233,
      "$104,000 - $155,999": 0.3089388389767094,
      "Undescribed": 0.22081017599498648
   },
   "POLITICAL_PARTY_PREFERENCE": {
      "Liberal National Party": 0.35231813605486056,
      "Australian Labor Party": 0.32841737113797065,
      "Undescribed": 0.1975403690033744,
      "Australian Greens": 0.12172412380379445
   }
}